<?xml version="1.0" encoding="utf-8" standalone="yes"?>
<rss version="2.0" xmlns:atom="http://www.w3.org/2005/Atom">
  <channel>
    <title>3 Coin Volcano Spiel | Jetzt Spielen | Crash Game Deutschland on 3 Coin Volcanoes</title>
    <link>https://3coinvolcanoes.com.de/</link>
    <description>Recent content in 3 Coin Volcano Spiel | Jetzt Spielen | Crash Game Deutschland on 3 Coin Volcanoes</description>
    <generator>Hugo</generator>
    <language>de</language>
    <lastBuildDate></lastBuildDate>
    <atom:link href="https://3coinvolcanoes.com.de/index.xml" rel="self" type="application/rss+xml" />
  </channel>
</rss>
